"Пишем простую* игровую физику самолёта.md","2015-09-07"
"Как можно взять  tensorflow и смешать две картинки в одну.md","2021-11-25"
"Шпаргалка по Gradle.md","2019-06-28"
"Субъективное видение идеального языка программирования.md","2019-01-07"
"telegram bot для персонализированной подборки статей с хабра.md","2019-11-11"
"Ностальгии пост: j2me, Gravity Defied, 64kb.md","2020-05-31"
"Заметки про увеличение картинок нейронными сетями.md","2023-05-18"
"Scala: parser combinators на примере парсера формул.md","2017-04-03"
"Learn OpenGL. Урок 5.9 Отложенный рендеринг.md","2018-08-19"
"Learn OpenGL. Урок 5.3 карты теней.md","2018-04-20"
"Learn Open GL. Урок 5.7 - HDR.md","2018-08-16"
"scala 3: transparent inline with Dynamic.md","2022-01-01"
"Inut lag в мониторе.md","2022-01-01"
"Впечатления от Forza Horizon 4 на руле.md","2022-01-01"
"моё домашнее сетевое хранилище из raspberry pi 4b.md","2022-01-24"
"Физика вращения 3д тел.md","2022-11-05"
"Создание загрузочной флешки с помощью Ventoy.md","2023-10-08"
"Список шорткатов для IDEA.md","2023-10-08"
"Кулинария - боул.md","2023-10-09"
"OBS и обработка записанных видео.md","2023-10-25"
"Геометрическая алгебра.md","2023-12-30"
"Как я попробовал написать авиасимулятор.md","2024-01-06"
"Ссылки на ресурсы по gamedev.md","2024-02-14"
"Заметки про Steam Deck.md","2024-01-15"
"О дизайне языков программирования.md","2024-03-11"
"Plane-based геометрическая алгебра для описания движения тел.md","2024-06-02"
"ssh proxy.md","2024-08-02"
"Подборка игр с низкоуровневым программированием.md","2024-08-04"
"Делаю демо с автомобилем и корректной физикой.md","2024-08-29"
"Делаю демо с автомобилем и корректной физикой 2.md","2024-10-12"
"Делаю демо с автомобилем и корректной физикой 3.md","2024-11-08"
"Макросы в Scala 3.md","2024-11-12"
"Международная Система Единиц на уровне типов в Scala.md","2024-11-20"
"Blender.md","2024-11-22"
"Value types в java.md","2024-12-30"
Магазины электроники в Белграде.md,2025-01-06
Хабр мёртв.md,2025-02-07
GUI в Python c помощью Dear ImGui.md,2025-02-08
Численненное интегрирование для игровой физики.md,2025-03-12
Self-hosted server.md,2025-05-11
Делаю демо с автомобилем и корректной физикой 4.md,2025-06-07
ArrayView - Scala библиотека для многомерных массивов.md,2025-06-17
Как устроен процессор.md,2025-07-02
"Scala 3, Monocle, иерархия неизменяемых объектов.md",2025-08-09
О микроконтроллерах.md,2025-09-30
